{"x4pbvNbyKZKgc4pz+EydDw==":"mbr-1620x1080.jpg","jRH0m1UA7Dv9D3DpgaXT9Q==":"mbr-1-1620x1080.jpg","/9aGZc+4/9ADvO9HteQsxw==":"logov4-122x52.png","q0Llu4/TStKRB4sVgQSxqw==":"facebook-profile-284x284.png","KzYLTn4PBZFHf+Lw69zRYA==":"critechal%20solutions-122x69.png","+2hmVasxYFYp9g88pp3wBA==":"facebook-profile-214x214.png","Dn9RPeo8ZnLyhVdu7q7RuA==":"copy%20of%20critechal%20solutions-122x122.png","rPAWg6XHiXJ0pQfqd7tnig==":"mbr-2-1620x1080.jpg","m/A6Mm001kklWV1lXvBALQ==":"computer-2170392-1920-1920x1280.jpg","sp0U4d578CoPkQVawvcCTA==":"technology-1095751-1920-1920x536.jpg","q/4xsnfXpP65pQ2MadTEIw==":"pexels-photo-872957-1920x1386.jpg","hfK86fPhklgH5kQIhD8kdw==":"copy%20of%20critechal%20solutions-192x192.png","CAZbEMKRA5ApsVtZJYP3vA==":"mbr-982x655.jpg","hT8qFJMaNUnneDyYyP/F/A==":"pexels-photo-872957-796x575.jpg","gc16IuO5+vdIu13xrVOapQ==":"emc_16_authorized_partner_1c_transparent-240x149.png","KxloF++yrYVsLKFPdsS29A==":"netgear-480x193.png","1KiEi821SL70Aw/wOV70Yw==":"secure-one-238x212.png","eEl0/29u23fBTwsMH9rRcA==":"symantec-secure-one-registered-partner-logo-1-2-1750x1692.jpg","Spd3eyao/xup33feA5+eTw==":"mbr-436x291.jpg","UUQbZoHBwz0h9pTFgDJ7ig==":"2675724-1024x768.jpg","sPWCR83nfKbWGvJh5C1ARQ==":"30850367_1724412807621440_1473799995_o-436x247.png","xAIX6rVimmJ17iz08XLZCg==":"30850367_1724412807621440_1473799995_o-1466x831.png","BAYEYqoZJbeOaHhYw1TGXQ==":"critechal%20solutions%20(7)-192x82.png","/5TxP6rB5Xsj6wML99MSww==":"logo2.png","ihlkf69UyfSmhSyJ1Jvc6w==":"jumbotron.jpg","SbYmtj6OiN4ahiLTqCgGbw==":"mbr-436x292.jpg","7/iP9ocidd4HZ1ztdDg4RQ==":"pexels-photo-316149-626x831.jpg","zPb0Alw2yHdE2bIGMERpfQ==":"mbr-1142x756.jpg","Bzz6YjJl+LMrJ25jDv1Hrg==":"mbr-720x1080.jpg"}